<?xml version="1.0" encoding="utf-8"?>
<extension type="plugin" client="site" group="system" method="upgrade">
	<name>PLG_SYSTEM_ICONSGHSVS</name>
	<author>G@HService Berlin Neukölln, Volkmar Volli Schlothauer</author>
	<creationDate>2023-11-10</creationDate>
	<copyright>(C) 2023, G@HService Berlin Neukölln, Volkmar Volli Schlothauer.</copyright>
	<license>GNU General Public License version 3 or later; see LICENSE.txt.</license>
	<authorUrl>https://ghsvs.de</authorUrl>
	<version>2023.11.05</version>
	<description>PLG_SYSTEM_ICONSGHSVS_XML_DESCRIPTION</description>

	<updateservers><server type="extension" priority="1" name="PLG_SYSTEM_ICONSGHSVS">https://raw.githubusercontent.com/GHSVS-de/upadateservers/master/plg_system_iconsghsvs-update.xml</server></updateservers>

	<infourl>https://github.com/GHSVS-de/plg_system_iconsghsvs/releases/tag/2023.11.05</infourl>

	<scriptfile>installerScript.php</scriptfile>
	<minimumPhp>7.4.0</minimumPhp>
	<maximumPhp></maximumPhp>
	<minimumJoomla>4.3.0</minimumJoomla>
	<maximumJoomla>5.9999.9999</maximumJoomla>
	<allowDowngrades>1</allowDowngrades>

	<files>
		<folder>language</folder>
		<folder plugin="iconsghsvs">services</folder>
		<folder>src</folder>
		<filename>installerScript.php</filename>
		<filename>LICENSE.txt</filename>
	</files>
	<namespace path="src">GHSVS\Plugin\System\IconsGhsvs</namespace>
	<config addfieldprefix="GHSVS\Plugin\System\IconsGhsvs\Field">
		<fields name="params">
			<fieldset name="basic">

				<field type="hidden" default="1" name="iconsghsvsplugin"/>

				<field name="version" type="Version"
					label="JVERSION"/>

				<field type="IconsGhsvsInstalled"
					name="iconsGhsvsInstalled"
					hiddenLabel="true"/>

				<field name="svgSupport" type="list" default="0"
					label="SVG support"
					filter="integer">
						<option value="0">JNO</option>
						<option value="1">JYES</option>
				</field>

				<field name="svgSpan" type="list" default="1" filter="integer"
					label="Enclosing SPAN around SVG"
					showon="svgSupport:1">
						<option value="0">JNO</option>
						<option value="1">JYES</option>
				</field>

				<field name="svgSpanClass" type="textarea" filter="string"
					default="svgSpan svg-lg" validate="CssIdentifier"
					label="PLG_SYSTEM_ICONSGHSVS_SVGSPANCLASS"
					showon="svgSupport:1[AND]svgSpan:1"
					/>

				<field name="svgRemoveSpaces" type="list" default="0"
					label="Remove spaces and newlines around embedded SVG."
					filter="integer"
					showon="svgSupport:1">
						<option value="0">JNO</option>
						<option value="1">JYES</option>
				</field>

				<field name="removeTagIfNoSvg" type="list" default="1"
					label="Remove tag/placeholder if no matching *.svg file found (Select NO for debug purposes)"
					filter="integer"
					showon="svgSupport:1">
						<option value="0">JNO</option>
						<option value="1">JYES</option>
				</field>
			</fieldset><!--/basic-->
		</fields>
	</config>
</extension>
